True_Niche_ID,Name,Average Score,Number of Reviews
0,Pandemic,7.59,108975
0,Agricola,7.93,66093
0,Love Letter,7.23,59467
0,Gloomhaven,8.74,47827
0,Gloomhaven,8.74,47827
0,Pandemic Legacy: Season 1,8.59,45041
0,Pandemic Legacy: Season 1,8.59,45041
0,Pandemic Legacy: Season 1,8.59,45041
0,Star Realms,7.58,38561
0,Blood Rage,7.99,37561
1,This War of Mine: The Board Game,7.81,9852
1,This War of Mine: The Board Game,7.81,9852
1,Phoenicia,6.55,1883
1,Risk: Star Wars – Clone Wars Edition,6.02,1599
1,Apocalypse World,8.07522,222
1,Next War: Poland,8.11,198
1,Star Wars Roleplaying Game: Saga Edition,7.35152,198
1,Dark Sun Boxed Set,7.87155,181
1,The Star Wars Sourcebook,8.07948,134
1,Star Wars: Age of Rebellion Core Rulebook,8.00417,120
2,Gloomhaven: Jaws of the Lion,8.68,15918
2,Nidavellir,7.71,6051
2,Eclipse: Second Dawn for the Galaxy,8.68,5373
2,Eclipse: Second Dawn for the Galaxy,8.68,5373
2,Eclipse: Second Dawn for the Galaxy,8.68,5373
2,Clank!: Legacy – Acquisitions Incorporated,8.7,4935
2,Clank!: Legacy – Acquisitions Incorporated,8.7,4935
2,Rhino Hero: Super Battle,7.28,4020
2,Sleeping Gods,8.51,2854
2,Too Many Bones: Undertow,8.74,2100
3,El Grande,7.75,24477
3,Tokaido,6.97,22188
3,Modern Art,7.44,18108
3,Twilight Imperium: Fourth Edition,8.68,16025
3,Twilight Imperium: Fourth Edition,8.68,16025
3,Russian Railroads,7.76,15840
3,War of the Ring: Second Edition,8.51,15498
3,War of the Ring: Second Edition,8.51,15498
3,War of the Ring: Second Edition,8.51,15498
3,War of the Ring: Second Edition,8.51,15498
4,Player's Handbook (D&D 5e),8.12919,928
4,Player's Handbook (D&D 5e),8.12919,928
4,Dungeon Master's Guide (D&D 5e),7.92358,494
4,Dungeons & Dragons Starter Set,8.01501,403
4,Dungeon Master's Guide (D&D 3.5e),7.15539,362
4,Warhammer Fantasy Roleplay Core Set,7.98026,309
4,Monster Manual (D&D 3.5e),7.1625,308
4,Delta Green,8.56642,271
4,Forgotten Realms Campaign Setting,7.67662,263
4,Monster Manual (D&D 4e),6.70148,237
5,Chaos in the Old World,7.68,14669
5,Tales of the Arabian Nights,7.19,11983
5,Pandemic: Reign of Cthulhu,7.41,8640
5,Kingdom Death: Monster,8.61,8065
5,Kingdom Death: Monster,8.61,8065
5,Blackout: Hong Kong,7.48,4532
5,Aton,6.87,3423
5,Whitehall Mystery,7.58,2829
5,Empires: Age of Discovery,7.87,2015
5,Dawn of the Zeds (Third Edition),8.19,1937
6,Welcome Back to the Dungeon,6.76,3634
6,Heroscape Master Set:  Battle for the Underdark,7.5,1033
6,Dungeon Masters Guide (AD&D 1e),8.00178,477
6,Dungeon of Fortune,6.03,470
6,Monster Manual (AD&D 1e),8.03864,396
6,Dragonology: The Game,4.59,395
6,4th Edition Core Rulebook Collection,6.82538,264
6,Dungeons & Dragons Rules Cyclopedia,8.30775,258
6,Dungeons & Dragons Basic Set (Second Edition),8.0908,250
6,Dungeon Master's Guide (D&D 3e),6.59634,246
7,The Atlas of the Imperium,6.25,14
7,Ley Sector,5.45455,11
7,Merchants and Merchandise,6.75,8
7,Maranantha-Alkahest Sector,4.25,4
7,Maranantha-Alkahest Sector,4.25,4
7,Maranantha-Alkahest Sector,4.25,4
7,Pen-Latol's World,7.0,2
7,Megamat (Berkeley),10.0,2
7,Starship Lay-Out Sheets,5.0,2
7,Sapies,2.0,1
8,Champions of Midgard,7.76,14630
8,Cootie,3.39,953
8,Cootie,3.39,953
8,Cootie,3.39,953
8,Cootie,3.39,953
8,Cootie,3.39,953
8,Cootie,3.39,953
8,Cootie,3.39,953
8,Cootie,3.39,953
8,Cootie,3.39,953
9,Forbidden Lands Adventure Sites,9.22222,9
9,2016 RPG Geek Random Tables,8.45,8
9,Broomstix: the Harry Potter RPG,4.4,5
9,Broomstix: the Harry Potter RPG,4.4,5
9,Broomstix: the Harry Potter RPG,4.4,5
9,Broomstix: the Harry Potter RPG,4.4,5
9,Broomstix: the Harry Potter RPG,4.4,5
9,Broomstix: the Harry Potter RPG,4.4,5
9,The Diminutive RPG,1.7,1
9,Playelf 2,1.0,1
10,Imperial,7.61,8396
10,Imperial,7.61,8396
10,Commands & Colors: Ancients,7.78,8161
10,BattleLore: Second Edition,7.71,5900
10,Paths of Glory,8.06,4687
10,Titan,6.97,3908
10,Titan,6.97,3908
10,Betrayal Legacy,7.76,3771
10,Here I Stand,7.91,3657
10,Risk (Revised Edition),5.99,3131
11,Mage Wars Arena,7.62,7553
11,Players Handbook (AD&D 1e),7.88668,473
11,Masks of Nyarlathotep (3rd & 4th edition),8.48392,227
11,Rivoli 1797,7.67,83
11,Pathfinder Roleplaying Game GM Screen,7.54551,78
11,Star Wars: Edge of the Empire Game Master's Kit,7.80833,78
11,Postcard from the Revolution,6.0,65
11,Keeper Screen,8.48621,58
11,"The Game Master's Kit (Dark Heresy, first edition)",6.95909,55
11,Rubik's Revolution,4.85,44
12,Monopoly: Deluxe Edition,5.28,1222
12,Monopoly: Deluxe Edition,5.28,1222
12,Battle of the Sexes,3.5,1107
12,Anti-Monopoly,3.67,743
12,Monopoly: Millennium,5.24,328
12,Easy Money,4.99,201
12,Headache,4.33,157
12,Headache,4.33,157
12,Monopoly: Socialism,5.29,117
12,Bibleopoly,3.59,101
13,Sherlock Holmes Consulting Detective: Jack the Ripper & West End Adventures,7.71,4701
13,Sherlock: The Tomb of the Archaeologist,6.71,960
13,Sherlock Holmes Consulting Detective: The Baker Street Irregulars,8.52,549
13,Sherlock Holmes Consulting Detective: The Baker Street Irregulars,8.52,549
13,Law & Order Game,2.41,59
13,Law & Order Game,2.41,59
13,Law & Order Game,2.41,59
13,Law & Order Game,2.41,59
13,Law & Order Game,2.41,59
13,Law & Order Game,2.41,59
14,Lords of Waterdeep,7.75,48655
14,Lords of Waterdeep,7.75,48655
14,Terra Mystica,8.12,41806
14,Dead of Winter: A Crossroads Game,7.54,41398
14,Cosmic Encounter,7.54,28826
14,Istanbul,7.57,27078
14,Brass: Birmingham,8.66,25484
14,Brass: Birmingham,8.66,25484
14,Brass: Birmingham,8.66,25484
14,Village,7.52,21167
15,"Munchkin Warhammer 40,000",6.64,144
15,The Enemy Within,8.27446,92
15,The World of Greyhawk,7.72848,79
15,Speedy Pickers,6.72,72
15,Mercenary,7.5597,67
15,Masks of Nyarlathotep (5th edition),9.08525,61
15,Masks of Nyarlathotep (5th edition),9.08525,61
15,Research Station Gamma,6.84211,38
15,Marc Miller's Traveller (4th Edition),5.53378,37
15,Sorcerer & Sword,8.12162,37
16,Time Control,2.14,53
16,Time Control,2.14,53
16,Time Control,2.14,53
16,Time Control,2.14,53
16,Time Control,2.14,53
16,Time Control,2.14,53
16,Time Control,2.14,53
16,Time Control,2.14,53
16,Time Control,2.14,53
16,Time Control,2.14,53
17,War,2.3,1419
17,War,2.3,1419
17,War,2.3,1419
17,War,2.3,1419
17,War,2.3,1419
17,War,2.3,1419
17,War,2.3,1419
17,War,2.3,1419
17,War,2.3,1419
17,War,2.3,1419
18,Rock Paper Scissors Lizard Spock Dice,4.4,63
18,Rock Paper Scissors Lizard Spock Dice,4.4,63
18,Rock Paper Scissors Lizard Spock Dice,4.4,63
18,Rock Paper Scissors Game,1.31,31
18,Rock Paper Scissors Game,1.31,31
18,Rock Paper Scissors Game,1.31,31
18,Rock Paper Scissors Game,1.31,31
18,Rock Paper Scissors Game,1.31,31
18,Rock Paper Scissors Game,1.31,31
18,Rock Paper Scissors Game,1.31,31
19,Erune,9.56,43
19,Erune,9.56,43
19,Erune,9.56,43
19,Erune,9.56,43
19,Erune,9.56,43
19,Erune,9.56,43
19,Erune,9.56,43
19,Erune,9.56,43
19,Erune,9.56,43
19,Erune,9.56,43
20,Intelligent Design vs. Evolution,1.81,59
20,Intelligent Design vs. Evolution,1.81,59
20,Intelligent Design vs. Evolution,1.81,59
20,Intelligent Design vs. Evolution,1.81,59
20,Intelligent Design vs. Evolution,1.81,59
20,Intelligent Design vs. Evolution,1.81,59
20,Intelligent Design vs. Evolution,1.81,59
20,Intelligent Design vs. Evolution,1.81,59
20,Intelligent Design vs. Evolution,1.81,59
20,Intelligent Design vs. Evolution,1.81,59
21,Newgrange Reactivated,2.0,1
21,Newgrange Reactivated,2.0,1
21,Newgrange Reactivated,2.0,1
21,Newgrange Reactivated,2.0,1
21,Newgrange Reactivated,2.0,1
21,Newgrange Reactivated,2.0,1
21,Death to Setanta,3.0,1
21,Death to Setanta,3.0,1
21,Newgrange Reactivated,2.0,1
21,Newgrange Reactivated,2.0,1
22,Fluffy Bunny,2.88889,9
22,Fluffy Bunny,2.88889,9
22,Knights & Legends,2.33333,9
22,Knights & Legends,2.33333,9
22,Fluffy Bunny,2.88889,9
22,Fluffy Bunny,2.88889,9
22,Fluffy Bunny,2.88889,9
22,Knights & Legends,2.33333,9
22,Fluffy Bunny,2.88889,9
22,Knights & Legends,2.33333,9
23,Malhya: Lands of Legends,9.57,41
23,Malhya: Lands of Legends,9.57,41
23,Malhya: Lands of Legends,9.57,41
23,Malhya: Lands of Legends,9.57,41
23,Malhya: Lands of Legends,9.57,41
23,Malhya: Lands of Legends,9.57,41
23,Malhya: Lands of Legends,9.57,41
23,Malhya: Lands of Legends,9.57,41
23,Malhya: Lands of Legends,9.57,41
23,Malhya: Lands of Legends,9.57,41
24,Unnatural Disaster,1.0,1
24,Unnatural Disaster,1.0,1
24,Unnatural Disaster,1.0,1
24,Unnatural Disaster,1.0,1
24,Unnatural Disaster,1.0,1
24,Unnatural Disaster,1.0,1
24,Tooth & Claw,3.0,1
24,Unnatural Disaster,1.0,1
24,Tooth & Claw,3.0,1
24,Tooth & Claw,3.0,1
25,Drakar och Demoner (2nd Edition),7.15385,13
25,Svavelvinter,7.77778,9
25,Drakar och Demoner Samuraj,6.14286,7
25,Western (2nd Edition),5.5,6
25,Efter Ragnarök,5.8,5
25,Tjuvar och lönnmördare,7.3,5
25,Drakar och Demoner: Rollspelet - Reviderade utgåvan,6.4,5
25,Monster och män i Ereb Altor,6.0,4
25,Eilapam,6.0,2
25,Vaesen Starter Set,8.5,2
26,The Lost Universe,1.0,2
26,The Lost Universe,1.0,2
26,The Lost Universe,1.0,2
26,The Lost Universe,1.0,2
26,The Lost Universe,1.0,2
26,The Lost Universe,1.0,2
26,The Lost Universe,1.0,2
26,The Lost Universe,1.0,2
26,The Lost Universe,1.0,2
26,The Lost Universe,1.0,2
27,BreaKey,1.48,48
27,BreaKey,1.48,48
27,BreaKey,1.48,48
27,BreaKey,1.48,48
27,BreaKey,1.48,48
27,BreaKey,1.48,48
27,BreaKey,1.48,48
27,BreaKey,1.48,48
27,BreaKey,1.48,48
27,BreaKey,1.48,48
28,Empire of Satanis,1.0,2
28,Empire of Satanis,1.0,2
28,Empire of Satanis,1.0,2
28,Empire of Satanis,1.0,2
28,Empire of Satanis,1.0,2
28,Empire of Satanis,1.0,2
28,Empire of Satanis,1.0,2
28,Empire of Satanis,1.0,2
28,Empire of Satanis,1.0,2
28,Empire of Satanis,1.0,2
29,Evil Dead 2: The Official Board Game,2.25,59
29,Evil Dead 2: The Official Board Game,2.25,59
29,Evil Dead 2: The Official Board Game,2.25,59
29,Evil Dead 2: The Official Board Game,2.25,59
29,Evil Dead 2: The Official Board Game,2.25,59
29,Evil Dead 2: The Official Board Game,2.25,59
29,Evil Dead 2: The Official Board Game,2.25,59
29,Evil Dead 2: The Official Board Game,2.25,59
29,Evil Dead 2: The Official Board Game,2.25,59
29,Evil Dead 2: The Official Board Game,2.25,59
30,"A Christian Response to Dungeons & Dragons, the Catechism of the New Age",1.0,1
30,"A Christian Response to Dungeons & Dragons, the Catechism of the New Age",1.0,1
30,"A Christian Response to Dungeons & Dragons, the Catechism of the New Age",1.0,1
30,"A Christian Response to Dungeons & Dragons, the Catechism of the New Age",1.0,1
30,"A Christian Response to Dungeons & Dragons, the Catechism of the New Age",1.0,1
30,"A Christian Response to Dungeons & Dragons, the Catechism of the New Age",1.0,1
30,"A Christian Response to Dungeons & Dragons, the Catechism of the New Age",1.0,1
30,"A Christian Response to Dungeons & Dragons, the Catechism of the New Age",1.0,1
30,"A Christian Response to Dungeons & Dragons, the Catechism of the New Age",1.0,1
30,"A Christian Response to Dungeons & Dragons, the Catechism of the New Age",1.0,1
31,Oneupmanship: Mine's Bigger,1.04,75
31,Oneupmanship: Mine's Bigger,1.04,75
31,Oneupmanship: Mine's Bigger,1.04,75
31,Oneupmanship: Mine's Bigger,1.04,75
31,Oneupmanship: Mine's Bigger,1.04,75
31,Oneupmanship: Mine's Bigger,1.04,75
31,Oneupmanship: Mine's Bigger,1.04,75
31,Oneupmanship: Mine's Bigger,1.04,75
31,Oneupmanship: Mine's Bigger,1.04,75
31,Oneupmanship: Mine's Bigger,1.04,75
32,The Resistance: Avalon,7.56,28808
32,Middle-Earth Quest,7.38,4028
32,Pandemic Legacy: Season 0,8.64,3570
32,Pandemic Legacy: Season 0,8.64,3570
32,Pandemic Legacy: Season 0,8.64,3570
32,Pandemic Legacy: Season 0,8.64,3570
32,Pandemic Legacy: Season 0,8.64,3570
32,Pandemic Legacy: Season 0,8.64,3570
32,Oath: Chronicles of Empire and Exile,8.01,2776
32,Oath: Chronicles of Empire and Exile,8.01,2776
